box_id,seed_id,inventory_date,inventory_person,weight_gram
WOP_2026_selections,NC21-6492-Cornell_WinterOatPeaIntercrop_2024_Ithaca-PLOT_128,2025-11-17,Peter,86.5
WOP_2026_selections,PA7617-3658-Cornell_WinterOatPeaIntercrop_2024_Ithaca-PLOT_54,2025-11-17,Peter,110.2
WOP_2026_selections,NF12AS-73-4_3-Cornell_WinterOatPeaIntercrop_2024_Ithaca-PLOT_242,2025-11-17,Peter,134
WOP_2026_selections,OZARK|POGI-Cornell_WinterOatPeaIntercrop_2024_Ithaca-PLOT_204,2025-11-17,Peter,163.6
WOP_2026_selections,NF13-4083-4_6-Cornell_WinterOatPeaIntercrop_2024_Ithaca-PLOT_83,2025-11-17,Peter,337.7
WOP_2026_selections,NF13-4214-4_5-Cornell_WinterOatPeaIntercrop_2024_Ithaca-PLOT_169,2025-11-17,Peter,341.7
WOP_2026_selections,NF99414-Cornell_WinterOatPeaIntercrop_2024_Ithaca-PLOT_378,2025-11-17,Peter,364.3
WOP_2026_selections,PA7617-3460-Cornell_WinterOatPeaIntercrop_2024_Ithaca-PLOT_212,2025-11-17,Peter,425.7
WOP_2026_selections,LA17153SBSS-46-1-Cornell_WinterOatPeaIntercrop_2024_Ithaca-PLOT_118,2025-11-17,Peter,433
WOP_2026_not_selected,Clav 7618-Cornell_WinterOatPeaIntercrop_2024_Ithaca-PLOT_123,2025-11-17,Peter,436
WOP_2026_selections,NC21-6576-Cornell_WinterOatPeaIntercrop_2024_Ithaca-PLOT_85,2025-11-17,Peter,478.9
WOP_2026_selections,NC20-4551-Cornell_WinterOatPeaIntercrop_2024_Ithaca-PLOT_50,2025-11-17,Peter,489.8
WOP_2026_selections,FLLA17088-61-Cornell_WinterOatPeaIntercrop_2024_Ithaca-PLOT_339,2025-11-17,Peter,499.4
WOP_2026_not_selected,FLLA17069-54-Cornell_WinterOatPeaIntercrop_2024_Ithaca-PLOT_102,2025-11-17,Peter,505
WOP_2026_selections,NORA-Cornell_WinterOatPeaIntercrop_2024_Ithaca-PLOT_133,2025-11-17,Peter,509.5
WOP_2026_selections,NF12AS-108-4_1-Cornell_WinterOatPeaIntercrop_2024_Ithaca-PLOT_161,2025-11-17,Peter,535.4
WOP_2026_selections,AURORA-Cornell_WinterOatPeaIntercrop_2024_Ithaca-PLOT_24,2025-11-17,Peter,539.5
WOP_2026_selections,PA7617-3658-Cornell_WinterOatPeaIntercrop_2024_Ithaca-PLOT_53,2025-11-17,Peter,542
WOP_2026_selections,NC20-4700-Cornell_WinterOatPeaIntercrop_2024_Ithaca-PLOT_364,2025-11-17,Peter,555.2
WOP_2026_selections,HARRISON-Cornell_WinterOatPeaIntercrop_2024_Ithaca-PLOT_56,2025-11-17,Peter,556.2
WOP_2026_not_selected,NF05424_2-Cornell_WinterOatPeaIntercrop_2024_Ithaca-PLOT_25,2025-11-17,Peter,558
WOP_2026_selections,NC21-6475-Cornell_WinterOatPeaIntercrop_2024_Ithaca-PLOT_77,2025-11-17,Peter,558.2
WOP_2026_selections,NF12AS-107-4_2-1-Cornell_WinterOatPeaIntercrop_2024_Ithaca-PLOT_258,2025-11-17,Peter,568.1
WOP_2026_selections,NC17-6440-Cornell_WinterOatPeaIntercrop_2024_Ithaca-PLOT_306,2025-11-17,Peter,570.7
WOP_2026_selections,NC20-4402-Cornell_WinterOatPeaIntercrop_2024_Ithaca-PLOT_142,2025-11-17,Peter,574
WOP_2026_selections,NF99414-1-Cornell_WinterOatPeaIntercrop_2024_Ithaca-PLOT_174,2025-11-17,Peter,580.7
WOP_2026_not_selected,Clav 6982-Cornell_WinterOatPeaIntercrop_2024_Ithaca-PLOT_235,2025-11-17,Peter,585
WOP_2026_not_selected,NF13-4124-4_3-Cornell_WinterOatPeaIntercrop_2024_Ithaca-PLOT_62,2025-11-17,Peter,587
WOP_2026_selections,NF13-4126-4_3-Cornell_WinterOatPeaIntercrop_2024_Ithaca-PLOT_145,2025-11-17,Peter,596.2
WOP_2026_selections,HORIZON201-Cornell_WinterOatPeaIntercrop_2024_Ithaca-PLOT_199,2025-11-17,Peter,600.3
WOP_2026_selections,NC21-6511-Cornell_WinterOatPeaIntercrop_2024_Ithaca-PLOT_367,2025-11-17,Peter,604.8
WOP_2026_selections,LA17129SBSS-8-1-Cornell_WinterOatPeaIntercrop_2024_Ithaca-PLOT_165,2025-11-17,Peter,608.5
WOP_2026_selections,NF13-4173-4_5-Cornell_WinterOatPeaIntercrop_2024_Ithaca-PLOT_116,2025-11-17,Peter,611.1
WOP_2026_selections,NF13-4214-4_1-Cornell_WinterOatPeaIntercrop_2024_Ithaca-PLOT_156,2025-11-17,Peter,615.3
WOP_2026_selections,GERARD224-Cornell_WinterOatPeaIntercrop_2024_Ithaca-PLOT_218,2025-11-17,Peter,617.1
WOP_2026_selections,NC21-6497-Cornell_WinterOatPeaIntercrop_2024_Ithaca-PLOT_65,2025-11-17,Peter,620.7
WOP_2026_selections,NF13-4157-4_2-Cornell_WinterOatPeaIntercrop_2024_Ithaca-PLOT_81,2025-11-17,Peter,628.7
WOP_2026_not_selected,NF12AS-122-4_4-Cornell_WinterOatPeaIntercrop_2024_Ithaca-PLOT_153,2025-11-17,Peter,634
WOP_2026_selections,NF12AS-100-4_2-Cornell_WinterOatPeaIntercrop_2024_Ithaca-PLOT_228,2025-11-17,Peter,634.7
WOP_2026_selections,NF01404A-Cornell_WinterOatPeaIntercrop_2024_Ithaca-PLOT_160,2025-11-17,Peter,635.4
WOP_2026_not_selected,SCLA17018SBSS-45-1-Cornell_WinterOatPeaIntercrop_2024_Ithaca-PLOT_309,2025-11-17,Peter,638
WOP_2026_not_selected,FLLA16083-25-Cornell_WinterOatPeaIntercrop_2024_Ithaca-PLOT_351,2025-11-17,Peter,640
WOP_2026_selections,TX18OCS9125-Cornell_WinterOatPeaIntercrop_2024_Ithaca-PLOT_10,2025-11-17,Peter,644.3
WOP_2026_not_selected,NF99401_1-1-Cornell_WinterOatPeaIntercrop_2024_Ithaca-PLOT_95,2025-11-17,Peter,651
WOP_2026_selections,SCLA17080SBS-4-2-Cornell_WinterOatPeaIntercrop_2024_Ithaca-PLOT_316,2025-11-17,Peter,651.4
WOP_2026_not_selected,NC21-6502-Cornell_WinterOatPeaIntercrop_2024_Ithaca-PLOT_323,2025-11-17,Peter,666
WOP_2026_selections,NF12AS-73-4_3-Cornell_WinterOatPeaIntercrop_2024_Ithaca-PLOT_241,2025-11-17,Peter,668
WOP_2026_selections,NC21-6610-Cornell_WinterOatPeaIntercrop_2024_Ithaca-PLOT_99,2025-11-17,Peter,668.3
WOP_2026_not_selected,NF12AS-108-4_4-Cornell_WinterOatPeaIntercrop_2024_Ithaca-PLOT_251,2025-11-17,Peter,669
WOP_2026_not_selected,NC21-6609-Cornell_WinterOatPeaIntercrop_2024_Ithaca-PLOT_330,2025-11-17,Peter,669
WOP_2026_selections,NC20-4702-Cornell_WinterOatPeaIntercrop_2024_Ithaca-PLOT_192,2025-11-17,Peter,669.7
WOP_2026_selections,LA17069SBSS-2-1-Cornell_WinterOatPeaIntercrop_2024_Ithaca-PLOT_244,2025-11-17,Peter,682.6
WOP_2026_not_selected,NC18-5877N-Cornell_WinterOatPeaIntercrop_2024_Ithaca-PLOT_175,2025-11-17,Peter,687
WOP_2026_selections,OZARK|POGI-Cornell_WinterOatPeaIntercrop_2024_Ithaca-PLOT_203,2025-11-17,Peter,687
WOP_2026_not_selected,LA17153SBSS-55-1-Cornell_WinterOatPeaIntercrop_2024_Ithaca-PLOT_299,2025-11-17,Peter,693
WOP_2026_selections,OKAY-Cornell_WinterOatPeaIntercrop_2024_Ithaca-PLOT_14,2025-11-17,Peter,695.9
WOP_2026_not_selected,FLLA17069-65-Cornell_WinterOatPeaIntercrop_2024_Ithaca-PLOT_113,2025-11-17,Peter,696
WOP_2026_selections,FLLA17088-77-Cornell_WinterOatPeaIntercrop_2024_Ithaca-PLOT_48,2025-11-17,Peter,704
WOP_2026_selections,NC19-3542-Cornell_WinterOatPeaIntercrop_2024_Ithaca-PLOT_261,2025-11-17,Peter,704.6
WOP_2026_selections,NC21-6429-Cornell_WinterOatPeaIntercrop_2024_Ithaca-PLOT_16,2025-11-17,Peter,707.9
WOP_2026_not_selected,Horizon 578-Cornell_WinterOatPeaIntercrop_2024_Ithaca-PLOT_282,2025-11-17,Peter,710
WOP_2026_selections,NC21-6492-Cornell_WinterOatPeaIntercrop_2024_Ithaca-PLOT_127,2025-11-17,Peter,711
WOP_2026_not_selected,FLLA11019-8-Cornell_WinterOatPeaIntercrop_2024_Ithaca-PLOT_356,2025-11-17,Peter,714
WOP_2026_not_selected,NC21-6505-Cornell_WinterOatPeaIntercrop_2024_Ithaca-PLOT_63,2025-11-17,Peter,725
WOP_2026_not_selected,NF13-4173-4_6-Cornell_WinterOatPeaIntercrop_2024_Ithaca-PLOT_272,2025-11-17,Peter,728
WOP_2026_not_selected,NF13-4153-4_2-Cornell_WinterOatPeaIntercrop_2024_Ithaca-PLOT_167,2025-11-17,Peter,732
WOP_2026_not_selected,Juggernaut-Cornell_WinterOatPeaIntercrop_2024_Ithaca-PLOT_327,2025-11-17,Peter,732
WOP_2026_not_selected,Clav 4476-Cornell_WinterOatPeaIntercrop_2024_Ithaca-PLOT_240,2025-11-17,Peter,733
WOP_2026_selections,PA7617-3658-Cornell_WinterOatPeaIntercrop_2024_Ithaca-PLOT_202,2025-11-17,Peter,733
WOP_2026_not_selected,NC20-4795-Cornell_WinterOatPeaIntercrop_2024_Ithaca-PLOT_348,2025-11-17,Peter,739
WOP_2026_not_selected,TX18OCS9100-Cornell_WinterOatPeaIntercrop_2024_Ithaca-PLOT_267,2025-11-17,Peter,744
WOP_2026_not_selected,NF401_1-Cornell_WinterOatPeaIntercrop_2024_Ithaca-PLOT_260,2025-11-17,Peter,748
WOP_2026_not_selected,NF13-4173-4_4-Cornell_WinterOatPeaIntercrop_2024_Ithaca-PLOT_370,2025-11-17,Peter,749
WOP_2026_not_selected,NF13-4124-4_8-Cornell_WinterOatPeaIntercrop_2024_Ithaca-PLOT_151,2025-11-17,Peter,760
WOP_2026_not_selected,NF502_5-Cornell_WinterOatPeaIntercrop_2024_Ithaca-PLOT_3,2025-11-17,Peter,762
WOP_2026_not_selected,LA15015SB-S50-Cornell_WinterOatPeaIntercrop_2024_Ithaca-PLOT_89,2025-11-17,Peter,763
WOP_2026_not_selected,NC09-4503N-Cornell_WinterOatPeaIntercrop_2024_Ithaca-PLOT_149,2025-11-17,Peter,764
WOP_2026_selections,TX18OCS9104-Cornell_WinterOatPeaIntercrop_2024_Ithaca-PLOT_37,2025-11-17,Peter,766.4
WOP_2026_not_selected,NF12AS-122-4_3-Cornell_WinterOatPeaIntercrop_2024_Ithaca-PLOT_147,2025-11-17,Peter,767
WOP_2026_not_selected,NF00407-Cornell_WinterOatPeaIntercrop_2024_Ithaca-PLOT_216,2025-11-17,Peter,769
WOP_2026_selections,PA7617-3658-Cornell_WinterOatPeaIntercrop_2024_Ithaca-PLOT_201,2025-11-17,Peter,772
WOP_2026_not_selected,NF97405-1-Cornell_WinterOatPeaIntercrop_2024_Ithaca-PLOT_296,2025-11-17,Peter,776
WOP_2026_not_selected,NF97405B2-Cornell_WinterOatPeaIntercrop_2024_Ithaca-PLOT_371,2025-11-17,Peter,777
WOP_2026_not_selected,FLLA17069-53-Cornell_WinterOatPeaIntercrop_2024_Ithaca-PLOT_34,2025-11-17,Peter,789
WOP_2026_selections,NF12AS-107-4_4-Cornell_WinterOatPeaIntercrop_2024_Ithaca-PLOT_359,2025-11-17,Peter,792.8
WOP_2026_not_selected,Savage-Cornell_WinterOatPeaIntercrop_2024_Ithaca-PLOT_43,2025-11-17,Peter,797
WOP_2026_not_selected,LA17075SBSS-29-1-Cornell_WinterOatPeaIntercrop_2024_Ithaca-PLOT_294,2025-11-17,Peter,798
WOP_2026_not_selected,NF01401B-Cornell_WinterOatPeaIntercrop_2024_Ithaca-PLOT_270,2025-11-17,Peter,799
WOP_2026_not_selected,NF12AS-91-4_1-Cornell_WinterOatPeaIntercrop_2024_Ithaca-PLOT_22,2025-11-17,Peter,815
WOP_2026_not_selected,LA08039SBSBS-56-A1-Cornell_WinterOatPeaIntercrop_2024_Ithaca-PLOT_207,2025-11-17,Peter,823
WOP_2026_not_selected,TX19CAS0058-Cornell_WinterOatPeaIntercrop_2024_Ithaca-PLOT_280,2025-11-17,Peter,838
WOP_2026_not_selected,SCLA17031SBSS-4-1-Cornell_WinterOatPeaIntercrop_2024_Ithaca-PLOT_36,2025-11-17,Peter,847
WOP_2026_not_selected,LA17089SBS-45-1-1-Cornell_WinterOatPeaIntercrop_2024_Ithaca-PLOT_223,2025-11-17,Peter,860
WOP_2026_not_selected,TX19CAS0057-Cornell_WinterOatPeaIntercrop_2024_Ithaca-PLOT_213,2025-11-17,Peter,865
WOP_2026_selections,Gerard 227-Cornell_WinterOatPeaIntercrop_2024_Ithaca-PLOT_250,2025-11-17,Peter,867.9
WOP_2026_not_selected,FLLA17069-52-Cornell_WinterOatPeaIntercrop_2024_Ithaca-PLOT_30,2025-11-17,Peter,876
WOP_2026_selections,NC20-4526-Cornell_WinterOatPeaIntercrop_2024_Ithaca-PLOT_32,2025-11-17,Peter,888.9
WOP_2026_not_selected,NF18-Cornell_WinterOatPeaIntercrop_2024_Ithaca-PLOT_275,2025-11-17,Peter,918
WOP_2026_selections,NC20-4452-Cornell_WinterOatPeaIntercrop_2024_Ithaca-PLOT_98,2025-11-17,Peter,979.3
WOP_2026_not_selected,LA99016-Cornell_WinterOatPeaIntercrop_2024_Ithaca-PLOT_238,2025-11-17,Peter,997
discard,NF01401B-Cornell_WinterOatPeaIntercrop_2024_Ithaca-PLOT_2,2025-11-17,Peter,0
discard,NF502_5-Cornell_WinterOatPeaIntercrop_2024_Ithaca-PLOT_4,2025-11-17,Peter,0
discard,NF01401B-Cornell_WinterOatPeaIntercrop_2024_Ithaca-PLOT_1,2025-11-17,Peter,0
discard,NC20-4452-Cornell_WinterOatPeaIntercrop_2024_Ithaca-PLOT_5,2025-11-17,Peter,0
discard,FLLA17088-77-Cornell_WinterOatPeaIntercrop_2024_Ithaca-PLOT_7,2025-11-17,Peter,0
discard,FLLA17088-77-Cornell_WinterOatPeaIntercrop_2024_Ithaca-PLOT_8,2025-11-17,Peter,0
discard,NC20-4452-Cornell_WinterOatPeaIntercrop_2024_Ithaca-PLOT_6,2025-11-17,Peter,0
discard,TX18OCS9125-Cornell_WinterOatPeaIntercrop_2024_Ithaca-PLOT_9,2025-11-17,Peter,0
discard,NO_OATS_PLANTED-Cornell_WinterOatPeaIntercrop_2024_Ithaca-PLOT_11,2025-11-17,Peter,0
discard,NC21-6429-Cornell_WinterOatPeaIntercrop_2024_Ithaca-PLOT_15,2025-11-17,Peter,0
discard,OKAY-Cornell_WinterOatPeaIntercrop_2024_Ithaca-PLOT_13,2025-11-17,Peter,0
discard,NO_OATS_PLANTED-Cornell_WinterOatPeaIntercrop_2024_Ithaca-PLOT_12,2025-11-17,Peter,0
discard,NO_OATS_PLANTED-Cornell_WinterOatPeaIntercrop_2024_Ithaca-PLOT_18,2025-11-17,Peter,0
discard,Clav 6982-Cornell_WinterOatPeaIntercrop_2024_Ithaca-PLOT_19,2025-11-17,Peter,0
discard,NO_OATS_PLANTED-Cornell_WinterOatPeaIntercrop_2024_Ithaca-PLOT_17,2025-11-17,Peter,0
discard,Clav 6982-Cornell_WinterOatPeaIntercrop_2024_Ithaca-PLOT_20,2025-11-17,Peter,0
discard,NF12AS-91-4_1-Cornell_WinterOatPeaIntercrop_2024_Ithaca-PLOT_21,2025-11-17,Peter,0
discard,NF13-4214-4_5-Cornell_WinterOatPeaIntercrop_2024_Ithaca-PLOT_27,2025-11-17,Peter,0
discard,NF05424_2-Cornell_WinterOatPeaIntercrop_2024_Ithaca-PLOT_26,2025-11-17,Peter,0
discard,FLLA17069-52-Cornell_WinterOatPeaIntercrop_2024_Ithaca-PLOT_29,2025-11-17,Peter,0
discard,NF13-4214-4_5-Cornell_WinterOatPeaIntercrop_2024_Ithaca-PLOT_28,2025-11-17,Peter,0
discard,SCLA17031SBSS-4-1-Cornell_WinterOatPeaIntercrop_2024_Ithaca-PLOT_35,2025-11-17,Peter,0
discard,NC20-4526-Cornell_WinterOatPeaIntercrop_2024_Ithaca-PLOT_31,2025-11-17,Peter,0
discard,FLLA17069-53-Cornell_WinterOatPeaIntercrop_2024_Ithaca-PLOT_33,2025-11-17,Peter,0
discard,TX18OCS9104-Cornell_WinterOatPeaIntercrop_2024_Ithaca-PLOT_38,2025-11-17,Peter,0
discard,LA08039SBSBS-56-A1-Cornell_WinterOatPeaIntercrop_2024_Ithaca-PLOT_39,2025-11-17,Peter,0
discard,LA08039SBSBS-56-A1-Cornell_WinterOatPeaIntercrop_2024_Ithaca-PLOT_40,2025-11-17,Peter,0
discard,NO_OATS_PLANTED-Cornell_WinterOatPeaIntercrop_2024_Ithaca-PLOT_41,2025-11-17,Peter,0
discard,NC19-3542-Cornell_WinterOatPeaIntercrop_2024_Ithaca-PLOT_45,2025-11-17,Peter,0
discard,Savage-Cornell_WinterOatPeaIntercrop_2024_Ithaca-PLOT_44,2025-11-17,Peter,0
discard,NO_OATS_PLANTED-Cornell_WinterOatPeaIntercrop_2024_Ithaca-PLOT_42,2025-11-17,Peter,0
discard,NC19-3542-Cornell_WinterOatPeaIntercrop_2024_Ithaca-PLOT_46,2025-11-17,Peter,0
discard,NC20-4551-Cornell_WinterOatPeaIntercrop_2024_Ithaca-PLOT_49,2025-11-17,Peter,0
discard,FLLA17088-77-Cornell_WinterOatPeaIntercrop_2024_Ithaca-PLOT_47,2025-11-17,Peter,0
discard,LA17089SBS-45-1-1-Cornell_WinterOatPeaIntercrop_2024_Ithaca-PLOT_51,2025-11-17,Peter,0
discard,LA17089SBS-45-1-1-Cornell_WinterOatPeaIntercrop_2024_Ithaca-PLOT_52,2025-11-17,Peter,0
discard,HARRISON-Cornell_WinterOatPeaIntercrop_2024_Ithaca-PLOT_55,2025-11-17,Peter,0
discard,NO_OATS_PLANTED-Cornell_WinterOatPeaIntercrop_2024_Ithaca-PLOT_59,2025-11-17,Peter,0
discard,NO_OATS_PLANTED-Cornell_WinterOatPeaIntercrop_2024_Ithaca-PLOT_60,2025-11-17,Peter,0
discard,NO_OATS_PLANTED-Cornell_WinterOatPeaIntercrop_2024_Ithaca-PLOT_57,2025-11-17,Peter,0
discard,NO_OATS_PLANTED-Cornell_WinterOatPeaIntercrop_2024_Ithaca-PLOT_58,2025-11-17,Peter,0
discard,NF13-4124-4_3-Cornell_WinterOatPeaIntercrop_2024_Ithaca-PLOT_61,2025-11-17,Peter,0
discard,NC21-6505-Cornell_WinterOatPeaIntercrop_2024_Ithaca-PLOT_64,2025-11-17,Peter,0
discard,NF12AS-122-4_3-Cornell_WinterOatPeaIntercrop_2024_Ithaca-PLOT_67,2025-11-17,Peter,0
discard,Gerard 227-Cornell_WinterOatPeaIntercrop_2024_Ithaca-PLOT_70,2025-11-17,Peter,0
discard,NC21-6497-Cornell_WinterOatPeaIntercrop_2024_Ithaca-PLOT_66,2025-11-17,Peter,0
discard,NF12AS-122-4_3-Cornell_WinterOatPeaIntercrop_2024_Ithaca-PLOT_68,2025-11-17,Peter,0
discard,Gerard 227-Cornell_WinterOatPeaIntercrop_2024_Ithaca-PLOT_69,2025-11-17,Peter,0
discard,TX18OCS9100-Cornell_WinterOatPeaIntercrop_2024_Ithaca-PLOT_71,2025-11-17,Peter,0
discard,TX18OCS9100-Cornell_WinterOatPeaIntercrop_2024_Ithaca-PLOT_72,2025-11-17,Peter,0
discard,FLLA17069-65-Cornell_WinterOatPeaIntercrop_2024_Ithaca-PLOT_73,2025-11-17,Peter,0
discard,FLLA17069-65-Cornell_WinterOatPeaIntercrop_2024_Ithaca-PLOT_74,2025-11-17,Peter,0
discard,TX18OCS9104-Cornell_WinterOatPeaIntercrop_2024_Ithaca-PLOT_75,2025-11-17,Peter,0
discard,NO_OATS_PLANTED-Cornell_WinterOatPeaIntercrop_2024_Ithaca-PLOT_79,2025-11-17,Peter,0
discard,NC21-6475-Cornell_WinterOatPeaIntercrop_2024_Ithaca-PLOT_78,2025-11-17,Peter,0
discard,TX18OCS9104-Cornell_WinterOatPeaIntercrop_2024_Ithaca-PLOT_76,2025-11-17,Peter,0
discard,NO_OATS_PLANTED-Cornell_WinterOatPeaIntercrop_2024_Ithaca-PLOT_80,2025-11-17,Peter,0
discard,NF13-4083-4_6-Cornell_WinterOatPeaIntercrop_2024_Ithaca-PLOT_84,2025-11-17,Peter,0
discard,NF13-4157-4_2-Cornell_WinterOatPeaIntercrop_2024_Ithaca-PLOT_82,2025-11-17,Peter,0
discard,NC21-6576-Cornell_WinterOatPeaIntercrop_2024_Ithaca-PLOT_86,2025-11-17,Peter,0
discard,SCLA17018SBSS-45-1-Cornell_WinterOatPeaIntercrop_2024_Ithaca-PLOT_87,2025-11-17,Peter,0
discard,LA15015SB-S50-Cornell_WinterOatPeaIntercrop_2024_Ithaca-PLOT_90,2025-11-17,Peter,0
discard,SCLA17018SBSS-45-1-Cornell_WinterOatPeaIntercrop_2024_Ithaca-PLOT_88,2025-11-17,Peter,0
discard,TX19CAS0058-Cornell_WinterOatPeaIntercrop_2024_Ithaca-PLOT_94,2025-11-17,Peter,0
discard,NO_OATS_PLANTED-Cornell_WinterOatPeaIntercrop_2024_Ithaca-PLOT_91,2025-11-17,Peter,0
discard,TX19CAS0058-Cornell_WinterOatPeaIntercrop_2024_Ithaca-PLOT_93,2025-11-17,Peter,0
discard,NO_OATS_PLANTED-Cornell_WinterOatPeaIntercrop_2024_Ithaca-PLOT_92,2025-11-17,Peter,0
discard,NC21-6610-Cornell_WinterOatPeaIntercrop_2024_Ithaca-PLOT_100,2025-11-17,Peter,0
discard,NF99401_1-1-Cornell_WinterOatPeaIntercrop_2024_Ithaca-PLOT_96,2025-11-17,Peter,0
discard,NC20-4452-Cornell_WinterOatPeaIntercrop_2024_Ithaca-PLOT_97,2025-11-17,Peter,0
discard,NO_OATS_PLANTED-Cornell_WinterOatPeaIntercrop_2024_Ithaca-PLOT_103,2025-11-17,Peter,0
discard,FLLA17069-54-Cornell_WinterOatPeaIntercrop_2024_Ithaca-PLOT_101,2025-11-17,Peter,0
discard,FLLA17069-53-Cornell_WinterOatPeaIntercrop_2024_Ithaca-PLOT_105,2025-11-17,Peter,0
discard,NO_OATS_PLANTED-Cornell_WinterOatPeaIntercrop_2024_Ithaca-PLOT_104,2025-11-17,Peter,0
discard,NO_OATS_PLANTED-Cornell_WinterOatPeaIntercrop_2024_Ithaca-PLOT_108,2025-11-17,Peter,0
discard,NO_OATS_PLANTED-Cornell_WinterOatPeaIntercrop_2024_Ithaca-PLOT_107,2025-11-17,Peter,0
discard,NF12AS-122-4_4-Cornell_WinterOatPeaIntercrop_2024_Ithaca-PLOT_109,2025-11-17,Peter,0
discard,NF12AS-122-4_4-Cornell_WinterOatPeaIntercrop_2024_Ithaca-PLOT_110,2025-11-17,Peter,0
discard,FLLA17069-53-Cornell_WinterOatPeaIntercrop_2024_Ithaca-PLOT_106,2025-11-17,Peter,0
discard,NO_OATS_PLANTED-Cornell_WinterOatPeaIntercrop_2024_Ithaca-PLOT_112,2025-11-17,Peter,0
discard,FLLA17069-65-Cornell_WinterOatPeaIntercrop_2024_Ithaca-PLOT_114,2025-11-17,Peter,0
discard,NF13-4173-4_5-Cornell_WinterOatPeaIntercrop_2024_Ithaca-PLOT_115,2025-11-17,Peter,0
discard,NO_OATS_PLANTED-Cornell_WinterOatPeaIntercrop_2024_Ithaca-PLOT_111,2025-11-17,Peter,0
discard,LA17153SBSS-46-1-Cornell_WinterOatPeaIntercrop_2024_Ithaca-PLOT_117,2025-11-17,Peter,0
discard,LA99016-Cornell_WinterOatPeaIntercrop_2024_Ithaca-PLOT_120,2025-11-17,Peter,0
discard,LA99016-Cornell_WinterOatPeaIntercrop_2024_Ithaca-PLOT_119,2025-11-17,Peter,0
discard,HARRISON-Cornell_WinterOatPeaIntercrop_2024_Ithaca-PLOT_121,2025-11-17,Peter,0
discard,Horizon 578-Cornell_WinterOatPeaIntercrop_2024_Ithaca-PLOT_125,2025-11-17,Peter,0
discard,Clav 7618-Cornell_WinterOatPeaIntercrop_2024_Ithaca-PLOT_124,2025-11-17,Peter,0
discard,HARRISON-Cornell_WinterOatPeaIntercrop_2024_Ithaca-PLOT_122,2025-11-17,Peter,0
discard,Horizon 578-Cornell_WinterOatPeaIntercrop_2024_Ithaca-PLOT_126,2025-11-17,Peter,0
discard,NC20-4526-Cornell_WinterOatPeaIntercrop_2024_Ithaca-PLOT_130,2025-11-17,Peter,0
discard,NC20-4526-Cornell_WinterOatPeaIntercrop_2024_Ithaca-PLOT_129,2025-11-17,Peter,0
discard,NORA-Cornell_WinterOatPeaIntercrop_2024_Ithaca-PLOT_134,2025-11-17,Peter,0
discard,NO_OATS_PLANTED-Cornell_WinterOatPeaIntercrop_2024_Ithaca-PLOT_135,2025-11-17,Peter,0
discard,NO_OATS_PLANTED-Cornell_WinterOatPeaIntercrop_2024_Ithaca-PLOT_131,2025-11-17,Peter,0
discard,NO_OATS_PLANTED-Cornell_WinterOatPeaIntercrop_2024_Ithaca-PLOT_132,2025-11-17,Peter,0
discard,NO_OATS_PLANTED-Cornell_WinterOatPeaIntercrop_2024_Ithaca-PLOT_136,2025-11-17,Peter,0
discard,NO_OATS_PLANTED-Cornell_WinterOatPeaIntercrop_2024_Ithaca-PLOT_140,2025-11-17,Peter,0
discard,FLLA17069-54-Cornell_WinterOatPeaIntercrop_2024_Ithaca-PLOT_137,2025-11-17,Peter,0
discard,FLLA17069-54-Cornell_WinterOatPeaIntercrop_2024_Ithaca-PLOT_138,2025-11-17,Peter,0
discard,NO_OATS_PLANTED-Cornell_WinterOatPeaIntercrop_2024_Ithaca-PLOT_139,2025-11-17,Peter,0
discard,NC20-4402-Cornell_WinterOatPeaIntercrop_2024_Ithaca-PLOT_141,2025-11-17,Peter,0
discard,SCLA17080SBS-4-2-Cornell_WinterOatPeaIntercrop_2024_Ithaca-PLOT_143,2025-11-17,Peter,0
discard,SCLA17080SBS-4-2-Cornell_WinterOatPeaIntercrop_2024_Ithaca-PLOT_144,2025-11-17,Peter,0
discard,NF13-4126-4_3-Cornell_WinterOatPeaIntercrop_2024_Ithaca-PLOT_146,2025-11-17,Peter,0
discard,NC09-4503N-Cornell_WinterOatPeaIntercrop_2024_Ithaca-PLOT_150,2025-11-17,Peter,0
discard,NF12AS-122-4_3-Cornell_WinterOatPeaIntercrop_2024_Ithaca-PLOT_148,2025-11-17,Peter,0
discard,NF12AS-122-4_4-Cornell_WinterOatPeaIntercrop_2024_Ithaca-PLOT_154,2025-11-17,Peter,0
discard,NF13-4124-4_8-Cornell_WinterOatPeaIntercrop_2024_Ithaca-PLOT_152,2025-11-17,Peter,0
discard,NF13-4214-4_1-Cornell_WinterOatPeaIntercrop_2024_Ithaca-PLOT_155,2025-11-17,Peter,0
discard,TX19CAS0057-Cornell_WinterOatPeaIntercrop_2024_Ithaca-PLOT_158,2025-11-17,Peter,0
discard,NF01404A-Cornell_WinterOatPeaIntercrop_2024_Ithaca-PLOT_159,2025-11-17,Peter,0
discard,TX19CAS0057-Cornell_WinterOatPeaIntercrop_2024_Ithaca-PLOT_157,2025-11-17,Peter,0
discard,NO_OATS_PLANTED-Cornell_WinterOatPeaIntercrop_2024_Ithaca-PLOT_163,2025-11-17,Peter,0
discard,NO_OATS_PLANTED-Cornell_WinterOatPeaIntercrop_2024_Ithaca-PLOT_164,2025-11-17,Peter,0
discard,NF12AS-108-4_1-Cornell_WinterOatPeaIntercrop_2024_Ithaca-PLOT_162,2025-11-17,Peter,0
discard,NF13-4153-4_2-Cornell_WinterOatPeaIntercrop_2024_Ithaca-PLOT_168,2025-11-17,Peter,0
discard,NF13-4214-4_5-Cornell_WinterOatPeaIntercrop_2024_Ithaca-PLOT_170,2025-11-17,Peter,0
discard,LA17129SBSS-8-1-Cornell_WinterOatPeaIntercrop_2024_Ithaca-PLOT_166,2025-11-17,Peter,0
discard,NF99414-1-Cornell_WinterOatPeaIntercrop_2024_Ithaca-PLOT_173,2025-11-17,Peter,0
discard,NC09-4503N-Cornell_WinterOatPeaIntercrop_2024_Ithaca-PLOT_171,2025-11-17,Peter,0
discard,NC09-4503N-Cornell_WinterOatPeaIntercrop_2024_Ithaca-PLOT_172,2025-11-17,Peter,0
discard,NC18-5877N-Cornell_WinterOatPeaIntercrop_2024_Ithaca-PLOT_176,2025-11-17,Peter,0
discard,NO_OATS_PLANTED-Cornell_WinterOatPeaIntercrop_2024_Ithaca-PLOT_178,2025-11-17,Peter,0
discard,LA17153SBSS-46-1-Cornell_WinterOatPeaIntercrop_2024_Ithaca-PLOT_179,2025-11-17,Peter,0
discard,NO_OATS_PLANTED-Cornell_WinterOatPeaIntercrop_2024_Ithaca-PLOT_177,2025-11-17,Peter,0
discard,LA17153SBSS-46-1-Cornell_WinterOatPeaIntercrop_2024_Ithaca-PLOT_180,2025-11-17,Peter,0
discard,NC20-4402-Cornell_WinterOatPeaIntercrop_2024_Ithaca-PLOT_182,2025-11-17,Peter,0
discard,LA17153SBSS-55-1-Cornell_WinterOatPeaIntercrop_2024_Ithaca-PLOT_183,2025-11-17,Peter,0
discard,LA17153SBSS-55-1-Cornell_WinterOatPeaIntercrop_2024_Ithaca-PLOT_184,2025-11-17,Peter,0
discard,NC20-4402-Cornell_WinterOatPeaIntercrop_2024_Ithaca-PLOT_181,2025-11-17,Peter,0
discard,NF12AS-107-4_4-Cornell_WinterOatPeaIntercrop_2024_Ithaca-PLOT_185,2025-11-17,Peter,0
discard,NF12AS-107-4_4-Cornell_WinterOatPeaIntercrop_2024_Ithaca-PLOT_186,2025-11-17,Peter,0
discard,NO_OATS_PLANTED-Cornell_WinterOatPeaIntercrop_2024_Ithaca-PLOT_187,2025-11-17,Peter,0
discard,NO_OATS_PLANTED-Cornell_WinterOatPeaIntercrop_2024_Ithaca-PLOT_189,2025-11-17,Peter,0
discard,NO_OATS_PLANTED-Cornell_WinterOatPeaIntercrop_2024_Ithaca-PLOT_188,2025-11-17,Peter,0
discard,NO_OATS_PLANTED-Cornell_WinterOatPeaIntercrop_2024_Ithaca-PLOT_190,2025-11-17,Peter,0
discard,LA17069SBSS-2-1-Cornell_WinterOatPeaIntercrop_2024_Ithaca-PLOT_195,2025-11-17,Peter,0
discard,NC20-4702-Cornell_WinterOatPeaIntercrop_2024_Ithaca-PLOT_191,2025-11-17,Peter,0
discard,FLLA17088-61-Cornell_WinterOatPeaIntercrop_2024_Ithaca-PLOT_193,2025-11-17,Peter,0
discard,FLLA17088-61-Cornell_WinterOatPeaIntercrop_2024_Ithaca-PLOT_194,2025-11-17,Peter,0
discard,LA17069SBSS-2-1-Cornell_WinterOatPeaIntercrop_2024_Ithaca-PLOT_196,2025-11-17,Peter,0
discard,HORIZON201-Cornell_WinterOatPeaIntercrop_2024_Ithaca-PLOT_200,2025-11-17,Peter,0
discard,NF12AS-107-4_2-1-Cornell_WinterOatPeaIntercrop_2024_Ithaca-PLOT_198,2025-11-17,Peter,0
discard,NF12AS-107-4_2-1-Cornell_WinterOatPeaIntercrop_2024_Ithaca-PLOT_197,2025-11-17,Peter,0
discard,GERARD224-Cornell_WinterOatPeaIntercrop_2024_Ithaca-PLOT_205,2025-11-17,Peter,0
discard,NC20-4551-Cornell_WinterOatPeaIntercrop_2024_Ithaca-PLOT_209,2025-11-17,Peter,0
discard,NC20-4551-Cornell_WinterOatPeaIntercrop_2024_Ithaca-PLOT_210,2025-11-17,Peter,0
discard,GERARD224-Cornell_WinterOatPeaIntercrop_2024_Ithaca-PLOT_206,2025-11-17,Peter,0
discard,LA08039SBSBS-56-A1-Cornell_WinterOatPeaIntercrop_2024_Ithaca-PLOT_208,2025-11-17,Peter,0
discard,PA7617-3460-Cornell_WinterOatPeaIntercrop_2024_Ithaca-PLOT_211,2025-11-17,Peter,0
discard,TX19CAS0057-Cornell_WinterOatPeaIntercrop_2024_Ithaca-PLOT_214,2025-11-17,Peter,0
discard,NF00407-Cornell_WinterOatPeaIntercrop_2024_Ithaca-PLOT_215,2025-11-17,Peter,0
discard,NF13-4214-4_1-Cornell_WinterOatPeaIntercrop_2024_Ithaca-PLOT_219,2025-11-17,Peter,0
discard,NF13-4214-4_1-Cornell_WinterOatPeaIntercrop_2024_Ithaca-PLOT_220,2025-11-17,Peter,0
discard,GERARD224-Cornell_WinterOatPeaIntercrop_2024_Ithaca-PLOT_217,2025-11-17,Peter,0
discard,NO_OATS_PLANTED-Cornell_WinterOatPeaIntercrop_2024_Ithaca-PLOT_222,2025-11-17,Peter,0
discard,LA17089SBS-45-1-1-Cornell_WinterOatPeaIntercrop_2024_Ithaca-PLOT_224,2025-11-17,Peter,0
discard,NO_OATS_PLANTED-Cornell_WinterOatPeaIntercrop_2024_Ithaca-PLOT_221,2025-11-17,Peter,0
discard,LA15015SB-S50-Cornell_WinterOatPeaIntercrop_2024_Ithaca-PLOT_225,2025-11-17,Peter,0
discard,LA15015SB-S50-Cornell_WinterOatPeaIntercrop_2024_Ithaca-PLOT_226,2025-11-17,Peter,0
discard,NF12AS-100-4_2-Cornell_WinterOatPeaIntercrop_2024_Ithaca-PLOT_227,2025-11-17,Peter,0
discard,NO_OATS_PLANTED-Cornell_WinterOatPeaIntercrop_2024_Ithaca-PLOT_230,2025-11-17,Peter,0
discard,NO_OATS_PLANTED-Cornell_WinterOatPeaIntercrop_2024_Ithaca-PLOT_229,2025-11-17,Peter,0
discard,Winter Hayden-Cornell_WinterOatPeaIntercrop_2024_Ithaca-PLOT_232,2025-11-17,Peter,0
discard,OKAY-Cornell_WinterOatPeaIntercrop_2024_Ithaca-PLOT_234,2025-11-17,Peter,0
discard,Winter Hayden-Cornell_WinterOatPeaIntercrop_2024_Ithaca-PLOT_231,2025-11-17,Peter,0
discard,OKAY-Cornell_WinterOatPeaIntercrop_2024_Ithaca-PLOT_233,2025-11-17,Peter,0
discard,Clav 6982-Cornell_WinterOatPeaIntercrop_2024_Ithaca-PLOT_236,2025-11-17,Peter,0
discard,LA99016-Cornell_WinterOatPeaIntercrop_2024_Ithaca-PLOT_237,2025-11-17,Peter,0
discard,Clav 4476-Cornell_WinterOatPeaIntercrop_2024_Ithaca-PLOT_239,2025-11-17,Peter,0
discard,LA17069SBSS-2-1-Cornell_WinterOatPeaIntercrop_2024_Ithaca-PLOT_243,2025-11-17,Peter,0
discard,NO_OATS_PLANTED-Cornell_WinterOatPeaIntercrop_2024_Ithaca-PLOT_245,2025-11-17,Peter,0
discard,Gerard 227-Cornell_WinterOatPeaIntercrop_2024_Ithaca-PLOT_249,2025-11-17,Peter,0
discard,NC20-4700-Cornell_WinterOatPeaIntercrop_2024_Ithaca-PLOT_248,2025-11-17,Peter,0
discard,NO_OATS_PLANTED-Cornell_WinterOatPeaIntercrop_2024_Ithaca-PLOT_246,2025-11-17,Peter,0
discard,NC20-4700-Cornell_WinterOatPeaIntercrop_2024_Ithaca-PLOT_247,2025-11-17,Peter,0
discard,NF12AS-108-4_4-Cornell_WinterOatPeaIntercrop_2024_Ithaca-PLOT_252,2025-11-17,Peter,0
discard,NF12AS-91-4_1-Cornell_WinterOatPeaIntercrop_2024_Ithaca-PLOT_253,2025-11-17,Peter,0
discard,NF12AS-100-4_2-Cornell_WinterOatPeaIntercrop_2024_Ithaca-PLOT_255,2025-11-17,Peter,0
discard,NF12AS-91-4_1-Cornell_WinterOatPeaIntercrop_2024_Ithaca-PLOT_254,2025-11-17,Peter,0
discard,NF12AS-107-4_2-1-Cornell_WinterOatPeaIntercrop_2024_Ithaca-PLOT_257,2025-11-17,Peter,0
discard,NF12AS-100-4_2-Cornell_WinterOatPeaIntercrop_2024_Ithaca-PLOT_256,2025-11-17,Peter,0
discard,NF401_1-Cornell_WinterOatPeaIntercrop_2024_Ithaca-PLOT_259,2025-11-17,Peter,0
discard,NF97405B2-Cornell_WinterOatPeaIntercrop_2024_Ithaca-PLOT_264,2025-11-17,Peter,0
discard,NC19-3542-Cornell_WinterOatPeaIntercrop_2024_Ithaca-PLOT_262,2025-11-17,Peter,0
discard,NF97405B2-Cornell_WinterOatPeaIntercrop_2024_Ithaca-PLOT_263,2025-11-17,Peter,0
discard,NO_OATS_PLANTED-Cornell_WinterOatPeaIntercrop_2024_Ithaca-PLOT_265,2025-11-17,Peter,0
discard,TX18OCS9100-Cornell_WinterOatPeaIntercrop_2024_Ithaca-PLOT_268,2025-11-17,Peter,0
discard,NO_OATS_PLANTED-Cornell_WinterOatPeaIntercrop_2024_Ithaca-PLOT_266,2025-11-17,Peter,0
discard,NF01401B-Cornell_WinterOatPeaIntercrop_2024_Ithaca-PLOT_269,2025-11-17,Peter,0
discard,NC18-5877N-Cornell_WinterOatPeaIntercrop_2024_Ithaca-PLOT_273,2025-11-17,Peter,0
discard,NC18-5877N-Cornell_WinterOatPeaIntercrop_2024_Ithaca-PLOT_274,2025-11-17,Peter,0
discard,NF13-4173-4_6-Cornell_WinterOatPeaIntercrop_2024_Ithaca-PLOT_271,2025-11-17,Peter,0
discard,NO_OATS_PLANTED-Cornell_WinterOatPeaIntercrop_2024_Ithaca-PLOT_278,2025-11-17,Peter,0
discard,NF18-Cornell_WinterOatPeaIntercrop_2024_Ithaca-PLOT_276,2025-11-17,Peter,0
discard,TX19CAS0058-Cornell_WinterOatPeaIntercrop_2024_Ithaca-PLOT_279,2025-11-17,Peter,0
discard,NO_OATS_PLANTED-Cornell_WinterOatPeaIntercrop_2024_Ithaca-PLOT_277,2025-11-17,Peter,0
discard,NF97405-1-Cornell_WinterOatPeaIntercrop_2024_Ithaca-PLOT_283,2025-11-17,Peter,0
discard,Horizon 578-Cornell_WinterOatPeaIntercrop_2024_Ithaca-PLOT_281,2025-11-17,Peter,0
discard,NF00407-Cornell_WinterOatPeaIntercrop_2024_Ithaca-PLOT_285,2025-11-17,Peter,0
discard,NF97405-1-Cornell_WinterOatPeaIntercrop_2024_Ithaca-PLOT_284,2025-11-17,Peter,0
discard,NF13-4153-4_2-Cornell_WinterOatPeaIntercrop_2024_Ithaca-PLOT_288,2025-11-17,Peter,0
discard,NF13-4153-4_2-Cornell_WinterOatPeaIntercrop_2024_Ithaca-PLOT_287,2025-11-17,Peter,0
discard,NF00407-Cornell_WinterOatPeaIntercrop_2024_Ithaca-PLOT_286,2025-11-17,Peter,0
discard,NO_OATS_PLANTED-Cornell_WinterOatPeaIntercrop_2024_Ithaca-PLOT_289,2025-11-17,Peter,0
discard,NO_OATS_PLANTED-Cornell_WinterOatPeaIntercrop_2024_Ithaca-PLOT_290,2025-11-17,Peter,0
discard,Juggernaut-Cornell_WinterOatPeaIntercrop_2024_Ithaca-PLOT_291,2025-11-17,Peter,0
discard,Juggernaut-Cornell_WinterOatPeaIntercrop_2024_Ithaca-PLOT_292,2025-11-17,Peter,0
discard,LA17075SBSS-29-1-Cornell_WinterOatPeaIntercrop_2024_Ithaca-PLOT_293,2025-11-17,Peter,0
discard,NF97405-1-Cornell_WinterOatPeaIntercrop_2024_Ithaca-PLOT_295,2025-11-17,Peter,0
discard,LA17153SBSS-55-1-Cornell_WinterOatPeaIntercrop_2024_Ithaca-PLOT_300,2025-11-17,Peter,0
discard,FLLA11019-8-Cornell_WinterOatPeaIntercrop_2024_Ithaca-PLOT_297,2025-11-17,Peter,0
discard,FLLA11019-8-Cornell_WinterOatPeaIntercrop_2024_Ithaca-PLOT_298,2025-11-17,Peter,0
discard,NO_OATS_PLANTED-Cornell_WinterOatPeaIntercrop_2024_Ithaca-PLOT_303,2025-11-17,Peter,0
discard,NO_OATS_PLANTED-Cornell_WinterOatPeaIntercrop_2024_Ithaca-PLOT_304,2025-11-17,Peter,0
discard,FLLA16083-25-Cornell_WinterOatPeaIntercrop_2024_Ithaca-PLOT_301,2025-11-17,Peter,0
discard,FLLA16083-25-Cornell_WinterOatPeaIntercrop_2024_Ithaca-PLOT_302,2025-11-17,Peter,0
discard,NC17-6440-Cornell_WinterOatPeaIntercrop_2024_Ithaca-PLOT_305,2025-11-17,Peter,0
discard,SCLA17031SBSS-4-1-Cornell_WinterOatPeaIntercrop_2024_Ithaca-PLOT_308,2025-11-17,Peter,0
discard,SCLA17031SBSS-4-1-Cornell_WinterOatPeaIntercrop_2024_Ithaca-PLOT_307,2025-11-17,Peter,0
discard,SCLA17018SBSS-45-1-Cornell_WinterOatPeaIntercrop_2024_Ithaca-PLOT_310,2025-11-17,Peter,0
discard,LA17129SBSS-8-1-Cornell_WinterOatPeaIntercrop_2024_Ithaca-PLOT_314,2025-11-17,Peter,0
discard,SCLA17080SBS-4-2-Cornell_WinterOatPeaIntercrop_2024_Ithaca-PLOT_315,2025-11-17,Peter,0
discard,NO_OATS_PLANTED-Cornell_WinterOatPeaIntercrop_2024_Ithaca-PLOT_312,2025-11-17,Peter,0
discard,NO_OATS_PLANTED-Cornell_WinterOatPeaIntercrop_2024_Ithaca-PLOT_311,2025-11-17,Peter,0
discard,LA17129SBSS-8-1-Cornell_WinterOatPeaIntercrop_2024_Ithaca-PLOT_313,2025-11-17,Peter,0
discard,Winter Hayden-Cornell_WinterOatPeaIntercrop_2024_Ithaca-PLOT_319,2025-11-17,Peter,0
discard,HORIZON201-Cornell_WinterOatPeaIntercrop_2024_Ithaca-PLOT_318,2025-11-17,Peter,0
discard,Winter Hayden-Cornell_WinterOatPeaIntercrop_2024_Ithaca-PLOT_320,2025-11-17,Peter,0
discard,HORIZON201-Cornell_WinterOatPeaIntercrop_2024_Ithaca-PLOT_317,2025-11-17,Peter,0
discard,NO_OATS_PLANTED-Cornell_WinterOatPeaIntercrop_2024_Ithaca-PLOT_321,2025-11-17,Peter,0
discard,FLLA17069-52-Cornell_WinterOatPeaIntercrop_2024_Ithaca-PLOT_325,2025-11-17,Peter,0
discard,NO_OATS_PLANTED-Cornell_WinterOatPeaIntercrop_2024_Ithaca-PLOT_322,2025-11-17,Peter,0
discard,NC21-6502-Cornell_WinterOatPeaIntercrop_2024_Ithaca-PLOT_324,2025-11-17,Peter,0
discard,FLLA17069-52-Cornell_WinterOatPeaIntercrop_2024_Ithaca-PLOT_326,2025-11-17,Peter,0
discard,Juggernaut-Cornell_WinterOatPeaIntercrop_2024_Ithaca-PLOT_328,2025-11-17,Peter,0
discard,NC21-6609-Cornell_WinterOatPeaIntercrop_2024_Ithaca-PLOT_329,2025-11-17,Peter,0
discard,Savage-Cornell_WinterOatPeaIntercrop_2024_Ithaca-PLOT_335,2025-11-17,Peter,0
discard,NO_OATS_PLANTED-Cornell_WinterOatPeaIntercrop_2024_Ithaca-PLOT_331,2025-11-17,Peter,0
discard,NF13-4157-4_2-Cornell_WinterOatPeaIntercrop_2024_Ithaca-PLOT_334,2025-11-17,Peter,0
discard,NO_OATS_PLANTED-Cornell_WinterOatPeaIntercrop_2024_Ithaca-PLOT_332,2025-11-17,Peter,0
discard,NF13-4157-4_2-Cornell_WinterOatPeaIntercrop_2024_Ithaca-PLOT_333,2025-11-17,Peter,0
discard,FLLA17088-61-Cornell_WinterOatPeaIntercrop_2024_Ithaca-PLOT_340,2025-11-17,Peter,0
discard,Savage-Cornell_WinterOatPeaIntercrop_2024_Ithaca-PLOT_336,2025-11-17,Peter,0
discard,NF13-4126-4_3-Cornell_WinterOatPeaIntercrop_2024_Ithaca-PLOT_338,2025-11-17,Peter,0
discard,NF13-4126-4_3-Cornell_WinterOatPeaIntercrop_2024_Ithaca-PLOT_337,2025-11-17,Peter,0
discard,NF13-4083-4_6-Cornell_WinterOatPeaIntercrop_2024_Ithaca-PLOT_345,2025-11-17,Peter,0
discard,NF12AS-108-4_4-Cornell_WinterOatPeaIntercrop_2024_Ithaca-PLOT_343,2025-11-17,Peter,0
discard,NF13-4173-4_5-Cornell_WinterOatPeaIntercrop_2024_Ithaca-PLOT_342,2025-11-17,Peter,0
discard,NF13-4173-4_5-Cornell_WinterOatPeaIntercrop_2024_Ithaca-PLOT_341,2025-11-17,Peter,0
discard,NF12AS-108-4_4-Cornell_WinterOatPeaIntercrop_2024_Ithaca-PLOT_344,2025-11-17,Peter,0
discard,NC20-4795-Cornell_WinterOatPeaIntercrop_2024_Ithaca-PLOT_347,2025-11-17,Peter,0
discard,NF13-4083-4_6-Cornell_WinterOatPeaIntercrop_2024_Ithaca-PLOT_346,2025-11-17,Peter,0
discard,NF13-4124-4_3-Cornell_WinterOatPeaIntercrop_2024_Ithaca-PLOT_350,2025-11-17,Peter,0
discard,NF13-4124-4_3-Cornell_WinterOatPeaIntercrop_2024_Ithaca-PLOT_349,2025-11-17,Peter,0
discard,NO_OATS_PLANTED-Cornell_WinterOatPeaIntercrop_2024_Ithaca-PLOT_353,2025-11-17,Peter,0
discard,NO_OATS_PLANTED-Cornell_WinterOatPeaIntercrop_2024_Ithaca-PLOT_354,2025-11-17,Peter,0
discard,FLLA16083-25-Cornell_WinterOatPeaIntercrop_2024_Ithaca-PLOT_352,2025-11-17,Peter,0
discard,FLLA11019-8-Cornell_WinterOatPeaIntercrop_2024_Ithaca-PLOT_355,2025-11-17,Peter,0
discard,LA17075SBSS-29-1-Cornell_WinterOatPeaIntercrop_2024_Ithaca-PLOT_358,2025-11-17,Peter,0
discard,LA17075SBSS-29-1-Cornell_WinterOatPeaIntercrop_2024_Ithaca-PLOT_357,2025-11-17,Peter,0
discard,NF12AS-107-4_4-Cornell_WinterOatPeaIntercrop_2024_Ithaca-PLOT_360,2025-11-17,Peter,0
discard,NO_OATS_PLANTED-Cornell_WinterOatPeaIntercrop_2024_Ithaca-PLOT_362,2025-11-17,Peter,0
discard,NO_OATS_PLANTED-Cornell_WinterOatPeaIntercrop_2024_Ithaca-PLOT_361,2025-11-17,Peter,0
discard,NO_OATS_PLANTED-Cornell_WinterOatPeaIntercrop_2024_Ithaca-PLOT_365,2025-11-17,Peter,0
discard,NC20-4700-Cornell_WinterOatPeaIntercrop_2024_Ithaca-PLOT_363,2025-11-17,Peter,0
discard,NO_OATS_PLANTED-Cornell_WinterOatPeaIntercrop_2024_Ithaca-PLOT_366,2025-11-17,Peter,0
discard,NC21-6511-Cornell_WinterOatPeaIntercrop_2024_Ithaca-PLOT_368,2025-11-17,Peter,0
discard,NF13-4173-4_4-Cornell_WinterOatPeaIntercrop_2024_Ithaca-PLOT_369,2025-11-17,Peter,0
discard,NF97405B2-Cornell_WinterOatPeaIntercrop_2024_Ithaca-PLOT_372,2025-11-17,Peter,0
discard,NF12AS-108-4_1-Cornell_WinterOatPeaIntercrop_2024_Ithaca-PLOT_375,2025-11-17,Peter,0
discard,TX18OCS9125-Cornell_WinterOatPeaIntercrop_2024_Ithaca-PLOT_374,2025-11-17,Peter,0
discard,TX18OCS9125-Cornell_WinterOatPeaIntercrop_2024_Ithaca-PLOT_373,2025-11-17,Peter,0
discard,NF99414-Cornell_WinterOatPeaIntercrop_2024_Ithaca-PLOT_377,2025-11-17,Peter,0
discard,NF12AS-108-4_1-Cornell_WinterOatPeaIntercrop_2024_Ithaca-PLOT_376,2025-11-17,Peter,0
